keyword,state
Phoenix,Arizona
Little Rock,Arkansas
San Diego,California
Los Angeles,California
San Francisco,California
Sacramento,California
Oakland,California
Denver,Colorado
Miami,Florida
Tampa,Florida
Orlando,Florida
Atlanta,Georgia
Chicago,Illinois
Wichita,Kansas
Louisville,Kentucky
Baton Rouge,Louisiana
New Orleans,Louisiana
Baltimore,Maryland
Boston,Massachusetts
Detroit,Michigan
Minneapolis,Minnesota
St. Louis,Missouri
Kansas City,Missouri
Omaha,Nebraska
Las Vegas,Nevada
Vegas,Nevada
Reno,Nevada
Trenton,New Jersey
Garden State,New Jersey
Santa Fe,New Mexico
Albuquerque,New Mexico
Big Apple,New York
Fargo,North Dakota
Cleveland,Ohio
Cincinnati,Ohio
Tulsa,Oklahoma
Okla,Oklahoma
Philadelphia,Pennsylvania
Pittsburgh,Pennsylvania
Memphis,Tennessee
Nashville,Tennessee
Dallas,Texas
Houston,Texas
El Paso,Texas
Lubbock,Texas
Amarillo,Texas
Salt Lake City,Utah
Seattle,Washington
Milwaukee,Wisconsin
